Lima	Perú		deck#6	due@2026-09-08 06:01:38
la factura	bill, invoice			
una camisa de manga larga	long-sleeved shirt			
enviar	to send			
morado	purple			
tendré	I will have			
Tú distingues	You distinguish			
el equipaje de mano	hand luggage			
junio	June			
el equipo	team			
arroba	@			
azul	blue		deck#2	due@2022-05-19 19:40:24
cobrar	to collect			
los parientes	relatives			
Vosotros destinguís	You all distinguish			
hay (form of haber)	there is/are			
una liquidación	sale			
Le pregunto	I ask him/her			
aves	birds		deck#3	due@2025-09-20 05:58:57
la invitación	invitation			
encontrarse	to meet			
La Habana	Cuba			
La Paz	Bolivia			
peinarse el pelo	to comb the hair			
pedir	to ask for		deck#2	due@2022-05-18 20:30:15
subir	to go up			
transbordar	to change trains			
las montañas	mountains			
el consultorio	doctor's office			
el indígena	indigenous person (Indian)		deck#2	due@2022-04-05 02:38:12
la canción	song			
el rollo de papel higiénico	roll of toilet paper			
ir de compras	to go shopping			
los panes	breads		deck#2	due@2022-04-05 02:38:07
Hace fresco.	It's cool.			due@2022-05-19 20:32:54
aboard	abordo		deck#3	due@2022-06-07 20:50:49
bien hecho	well done			
la carta	menu		deck#2	due@2022-05-24 18:38:36
cómico	funny			
me caigo	I fall down			
la tele	TV			
el tío	uncle			
la pimienta	pepper			
el primo	male cousin			
las revistas	magazines			
la cara	face			
mirarse en el espejo	to look at oneself in the mirror			
el político	politician		deck#2	due@2022-02-13 03:47:24
el sofá	sofa			
doler	to ache			
la cama	bed		deck#6	due@2026-09-08 06:01:17
anoche	last night			
iría	I would go			
where from?	¿de dónde?			
el alumno	male student			
la sal	salt		deck#2	due@2022-05-24 18:37:14
hacer un viaje	to make a trip		deck#2	due@2022-05-18 20:30:29
el dolor	ache		deck#2	due@2022-05-19 19:38:54
revisar los billetes	to check the tickets			
detuvo	stopped			
abrir	to open			
pagar al contado	to pay for something upfront in cash			
llamarse	to call oneself			
las cocinas	cuisines		deck#2	due@2022-05-20 20:32:07
la barra de jabón	bar of soap			
una senda	trail			due@2022-05-18 19:40:33
el cuchillo	knife			
el amigo	friend		deck#2	due@2022-06-01 20:49:26
oriente	east, orient			
lleno de energía	full of energy		deck#2	due@2022-06-01 20:49:19
pagar a cuotas	to pay in installments			
la sonrisa	smile		deck#6	due@2026-09-08 06:01:21
prender	to turn on			
rubio	blond			
late	tarde			
la misa católica	Catholic mass		deck#2	due@2022-06-01 20:49:43
el partido	the game		deck#2	due@2022-02-13 03:51:14
No vayamos.	Let's not go.			
castaño	brown			due@2025-09-13 06:01:27
las naranjas	oranges		deck#2	due@2022-05-19 19:38:49
correr	to run			
el distribuidor automático	ticket dispenser			
saudí	Saudi			
los guisantes	peas			
el árbol	the tree			
con permiso	excuse me			
el carro	car			
disponer	to arrange		deck#2	due@2022-05-20 20:32:04
la cámara digital	digital camera		deck#6	due@2026-09-08 06:01:31
sé	I know		deck#6	due@2026-09-08 05:58:25
take off	el despegue			
el botón borrador	delete key			
escribir a máquina	to type			
el esposo	husband			
los libros	books		deck#3	due@2022-05-24 20:30:07
el básquetbol	basketball			
el nieto	grandson			
enero	January			
el código	code			
el vendedor	seller			
delay	una demora			
window	la ventanilla			
irás	you will go			
Le digo	I tell him/her			
la receta	prescription			
costar	to cost		deck#2	due@2022-05-20 20:30:46
caro	expensive		deck#3	due@2022-06-07 20:50:52
el balón	ball		deck#6	due@2026-09-08 05:59:23
los suburbios	suburbs			
oprimir	to press			
hierro	iron		deck#2	due@2022-05-19 19:40:10
adecuada	adequate		deck#2	due@2022-05-19 19:41:02
cosecha	harvest, crop			
una llamada	call			
el boleto	ticket			
el jardín	yard			
la tienda	store		deck#2	due@2022-05-24 18:38:34
regresar	to return			
agosto	August			
dirigir	to direct			
los plátanos	bananas			
llamar	to call			
el perro	dog			
yo agradezco	I thank		deck#3	due@2022-05-30 18:38:26
la rutina diaria	daily routine		deck#2	due@2022-05-19 19:38:39
Nieva.	It's snowing.			
Se nos cortó la línea.	We've been cut off.			
dentro de poco	in a little bit of time		deck#2	due@2025-09-14 05:59:11
ecuatoriano	Ecuadorian		deck#2	due@2022-02-13 03:47:17
querer	to want			
Hace calor.	It's hot.			
Escojo	I choose			
lavarse la cara	to wash the face			
tener miedo	to be afraid (have fear)			
retener	to retain			
ganar	to win			
la huelga	strike			due@2022-05-23 18:37:42
el escenario	setting			
Leamos.	Let's read.			
escuchar	to listen to			
saber	to know (facts)		deck#2	due@2022-05-24 18:37:23
Éufrates	Euphrates			
el ordenador	computer		deck#2	due@2022-05-18 20:30:09
interesar	to interest			
la puerta	door			
tendrá	he/she/ you will have			
a largo plazo	long term			due@2022-02-12 03:47:12
la ropa	clothing			
el timbre	ring			
la dirección de email	email address		deck#2	due@2022-02-13 03:51:09
quitar la mesa	to clear the table			
landing	el aterrizaje			
de vez en cuando	every now and then			
cuervo	raven			due@2022-05-19 20:31:06
obtener	to obtain, get			
poner la mesa	to set the table			
los clientes	customers			
leer	to read			
la ventanilla	ticket window			
lanzar	to launch		deck#2	due@2022-02-13 03:47:26
dar una caminata	to go for a hike			
el esquiador	skier			
one must	hay que			
la casa	house			
las comidas	foods			
Asiria	Assyria			
el nombre	name			
Hace viento.	It's windy.			
empezar	to begin			
el aceite de oliva	olive oil			
el sobrino	nephew			
el biftec	steak			
bajo	short			
estar enfermo	to be ill		deck#3	due@2022-05-30 18:38:30
distraer	to distract			
dejar un mensaje	to leave a message			
el examen	test			
enojado	angry		deck#2	due@2022-06-01 20:50:51
oxygen mask	la máscara de oxígeno		deck#2	due@2022-06-01 20:44:51
usar	to use			
yo hago la tarea	I do my homework			
el equipaje	luggage			
San José	Costa Rica			
llevar	to carry, to wear		deck#3	due@2025-09-20 06:01:36
el abogado	attorney			
la limonada	lemonade			
la vía	the train track			
preferir	to prefer		deck#2	due@2022-06-01 20:51:12
Santo Domingo	República Dominicana			
la computadora	computer			
la barra de herramientas	tool bar			
el hermanastro	stepbrother			
hacer la maleta	to make the suitcase			
los dedos de pie	toes			
todavía	yet, still, as yet			
la pantalla	screen			
aisle	el pasillo			
nuevo	new		deck#2	due@2022-05-20 20:32:55
la cuenta corriente	checking account			
la familia	the family			
el cañón	canyon			
la garganta	throat		deck#2	due@2022-05-19 19:38:40
Hay humedad.	It's humid.			
insertar	to insert			
la cocina	the kitchen		deck#2	due@2022-05-20 20:30:47
Hace frío.	It's cold.		deck#2	due@2022-06-01 20:44:47
fuentes	sources			due@2025-09-13 06:01:24
Santiago	Chile			
bastante	fairly			
Ciudad de Guatemala	Guatemala			
la primavera	spring			
la tortilería	tortilla stand			
el billete	ticket			
venezolano	Venezuelan			
Él distingue	He distinguishes			
el cheque	check			
comprar	to buy			
Hace sol.	It's sunny.			
Levantémonos.	Let's stand up.			
cerca de	close to			
hacia	towards			
perder	to lose		deck#2	due@2022-05-18 20:30:06
proceeding from	procedente de			
yo traduzco (traducir)	I translate			
torcer	to twist			
beber	to drink			
una chaqueta	jacket			
estar de mal humor	to be in a bad mood			
el cepillo	brush			
la carne de res	beef			
Traigo	I bring			
la mascota	pet			
"mijo"	my son (mi hijo)			
sopló	blew			
despertarse	to wake up		deck#2	due@2022-06-01 20:47:09
comenzar	to begin		deck#6	due@2026-09-08 05:59:17
Le respondo	I respond to him/her			
contestar	to answer			
Hay granizo.	It's hailing.			
quedarse	to stay		deck#3	due@2022-06-07 20:48:31
el otoño	autumn			
estudiar	to study			
la entrevista	interview			
después (de)	after			
el gemelo	male twin		deck#3	due@2022-06-07 20:49:57
identity card	el carnet de identidad			
Yo veo la película.	I see a movie			
matar	to kill			
el peine	comb			
la madrastra	stepmother			
la ensalada	salad			
Dirijo	I direct			
San Juan	Puerto Rico			
veo	I see			
asignar	to assign			
buscar	to look for			
levantar la mano	to raise your hand			
tendría	I would have			
el platillo	saucer			
el coche	train car			
el mostrador	the counter			
Escribamos.	Let's write.			
bueno	good			
cepillarse los dientes	to brush the teeth			
mayo	May		deck#2	due@2022-05-24 18:38:28
el cliente	customer			
la impresora	printer			
la madre	mother			
to line up	hacer cola			
el billete sencillo	one-way ticket			
el pan	bread			
Exijo	I demand			
el mesero	waiter			
irlandés	Irish			
yo traigo (traer)	I bring		deck#2	due@2022-06-01 20:49:09
exigir	to demand			
esperar el tono	to wait on the tone		deck#2	due@2022-05-18 20:30:24
el centavo	cent			
aún	still, even, yet		deck#2	due@2022-05-20 20:33:03
maldito	damn, fucking, cursed, wretched		deck#2	due@2022-05-19 19:38:23
el coche comedor	dining car		deck#2	due@2022-06-01 20:49:22
febrero	February		deck#2	due@2022-05-19 19:41:10
ser	to be			
la ventana	window			
barato	cheap			
la guía telefónica	phone guide		deck#2	due@2022-02-13 03:50:03
el billete de ida y vuelta	round trip ticket			
recibir	to receive			
una camiseta	t-shirt			
los restaurante	restaurants			
el cepillo de dientes	tooth brush		deck#5	due@2025-12-12 05:58:45
cerrar	to close			
poner	to put			
el móvil	cell phone			
el hijo	son			
un ser viviente	a living being			
el este	east		deck#2	due@2022-05-24 18:37:09
coger	to catch, grab		deck#2	due@2022-06-01 20:50:35
la talla	size			
el asilo político	political asylum			
el parque nacional	national park			
encender	to light		deck#2	due@2022-05-19 19:41:14
el apartamento	the apartment			
andar	to walk			
el vinagre	vinegar		deck#2	due@2022-06-01 20:44:53
vergüenza	shame			
terco	stubborn		deck#3	due@2022-06-07 20:46:44
expulsado	expelled			
tener fiebre	to have a fever			due@2022-05-19 20:31:15
la hija	daughter			
Llueve.	It's raining.			
bronceado	tan			
la sobrina	niece			
la carne	meat			
naranja	orange		deck#2	due@2022-02-13 03:51:05
la tableta	tablet			
el año pasado	last year			
la consulta	doctor's office			due@2022-05-19 20:31:58
tomar el sol	to sunbathe		deck#2	due@2022-06-01 20:49:38
Recojo	I pick up			
yo sigo	I follow			
andaluz	Andalusian			
el icono	icon			
ninguno	none, no one, neither			
la raqueta	the racket			
cariñoso	caring			
recoger	to pick up		deck#2	due@2022-05-24 18:37:05
dormir	to sleep			
formidable	formidable, frightening			
Me muero de hambre	I'm dying of hunger			
la calle	street			
nada	nothing		deck#2	due@2022-05-24 18:38:30
el camping	camping			
hacer	to do, to make		deck#6	due@2026-09-08 05:59:14
malo	bad		deck#2	due@2022-05-19 19:40:37
how many?	¿cuánto?			
elegir	to choose, elect			
aquí	here			
¿Qué tiempo hace?	What's the weather like?		deck#2	due@2025-09-14 06:01:12
el préstamo	loan			
mexicano	Mexican			
estar preocupado	to be worried		deck#2	due@2022-06-01 20:50:33
reponer	to replace			
on time	a tiempo			
dejar una propina	to leave a tip			
Sigamos.	Let's continue.			
las manzanas	apples			
hay que	one must			
la hora de salida	departure time			
proteger	to protect			
el gato	cat			
fatigado	tired, fatigued			
el personaje	character			
inteligente	intelligent			
Comamos.	Let's eat.			
salvaje	wild, savage, feral			
Yo doy de comer al perro	I give food to the dog		deck#2	due@2022-05-24 18:38:38
la próxima parada	next stop			
la tarjeta de crédito	credit card			
el tipo (la tasa) de cambio	exchange rate			
tendréis	you all will have (vosotros)			
to show	mostrar			
Vamos.	Let' go.			
el champú	shampoo		deck#2	due@2022-05-20 20:32:46
el marido	husband			
el mar	the sea		deck#2	due@2022-05-20 20:32:11
las personas	people		deck#2	due@2022-05-19 19:38:20
moreno	dark-haired			
iré	I will go		deck#2	due@2022-06-01 20:46:42
inglés	English		deck#2	due@2022-05-24 18:38:26
el celular	cell phone			
tener calor	to be hot		deck#2	due@2022-06-01 20:49:39
¡Párense!	stop!			
alto	tall			
acostarse	to go to bed			
la mano	hand			
el correo electrónico	email			
San Salvador	El Salvador			
deshacer	to undo			due@2022-02-12 03:47:08
Caigo	I fall		deck#2	due@2022-02-13 03:46:55
criar	raise, breed, raise			
las bebidas	drinks			
comer	to eat			
armar la carpa	to set up the tent			
los platos	dishes			
la cuchara	spoon			
quepo	I fit			
algo	something			
el trabajo	job, work			
irá	he/she/you will go			
el talonario	checkbook			
el pie	foot			
el revisor	the conductor			
el número del vuelo	flight number			
la mesita	coffee table			
los pantalones cortos	shorts		deck#2	due@2022-05-20 20:32:29
Bogotá	Colombia			
Ellos distinguen	They distinguish			
el médico	doctor			
el jugador	player			
tomar	to take			
la langosta	lobster			
británico	British			
cambiar	to exchange			
la nacionalidad	nationality		deck#2	due@2022-06-01 20:49:17
barca	boat, ferry, barque			
bendicir	to bless			
portugués	Portuguese			
navegar la red	navigate the web			
la agente	agent			
Yo distingo	I distinguish			
el traje de baño	swim suit		deck#2	due@2022-05-19 19:38:15
el andén	the platform			
los dedos	fingers			
nariz	nose			
servir	to serve		deck#2	due@2022-05-19 19:38:57
las ensaladas	salads			
la sala	the living room			
A mí me encanta la música.	I love music.			
el saldo	bank balance			due@2022-05-18 19:38:48
el monto	total amount			
lavarse el pelo	to wash the hair			
sonar (o:ue)	to ring			
bajar del tren	to get off the train			
alrededor de	around			
tendrían	they/you all would have			
la orden	order			
punto	dot			
contento	happy		deck#2	due@2022-02-13 03:46:53
la cuenta	bill			
iríais	you all would go (vosotros)			
las zanahorias	carrots			
el plato	plate		deck#2	due@2022-05-19 19:38:17
el teclado	keyboard			
deprimido	depressed		deck#2	due@2025-09-14 05:59:02
los pantalones	pants		deck#2	due@2022-05-24 18:38:13
la temperatura	temperature		deck#2	due@2022-06-01 20:47:07
la chuleta de cerdo	pork chop			
Diga.	Speak. (to answer the phone)			
levantarse	to get up			
el portero	the goalie		deck#2	due@2022-06-01 20:50:25
la portería	the goal			
sacar buenas notas	to get good grades			
la carpeta	folder			
el menú	fixed price menu			
un ser humano	a human being			
el fútbol americano	(American) football		deck#2	due@2022-05-24 18:38:19
Truena.	It's thundering.			
tirar	to shoot			
la pista	the slope			
las frutas	fruit			
el supermercado	supermarket			
los boletos	tickets			
anochecer	to become night			
el restaurante	restaurant			
why?	¿por qué?		deck#2	due@2022-02-13 03:50:35
lejos de	far from			
pobre	poor		deck#3	due@2022-06-07 20:50:47
parecerse	to seem			
la playa	the beach			
el dedo	finger		deck#2	due@2022-06-01 20:44:56
ponerse	to put on			
de repente	suddenly			
yo empiezo/comienzo	I begin			
los dientes	teeth			
divertirse	to have fun			
seleccionar	to select		deck#2	due@2022-02-13 03:50:10
el baloncesto	basketball		deck#2	due@2022-05-20 20:33:09
el número	shoe size			
Ciudad de Panamá	Panamá		deck#2	due@2022-05-24 18:37:40
prestar atención	pay attention		deck#2	due@2022-06-01 20:44:45
alemán	German		deck#2	due@2022-05-19 19:40:55
sagrado	sacred			
iríamos	we would go		deck#2	due@2022-04-05 02:38:23
tendrán	they will have			
los pasajeros	passengers		deck#2	due@2022-05-19 19:40:40
la bandeja de enviados	sent box			
salir a tiempo	to leave on time		deck#2	due@2022-05-19 19:40:52
el campo	the field			
la pierna	leg			
entonces	then, now, at that time		deck#2	due@2022-05-24 18:37:08
la tasa de interés	interest rate			
lunes	Monday			
por fin	finally			
pasarlo bien	to have fun			
el control de seguridad	security checkpoint			
Buenos Aires	Argentina			
introducir la tarjeta bancaria	to insert the bank card			
perezoso	lazy			
las noticias	news			
el cargo	charge			
unirse	join			
pulsar	to press			
sostener	to sustain			
A Anita le encanta la música.	Anita loves music.		deck#2	due@2022-05-19 19:41:25
Sueño	I dream			
una copia dura	hard copy			
la base	base			
bathroom	el servicio			
negro	black			
guardar	to keep			
to pass through security	pasar por el control de seguridad			
mantener	to maintain			
Yo tuerzo	I twist			
una forma de identidad	form of identity			
Está nublado.	It's cloudy.			
el cuerpo humano	human body		deck#4	due@2022-06-30 20:50:45
estirarse	to stretch			
llegar	to arrive			
a veces	sometimes			
el bus escolar	school bus			
dormirse	to fall asleep			
alquilar	to rent			due@2022-04-04 02:38:34
el destinatario	recipient			
la hermana	sister			
examinar	to examine			
decir	to say, tell			
irse	to leave			
pusiera	put			
las patatas	potatoes			
el pelo	hair			
el destino	destination			
la guayabera	tropical men's shirt			
la estación de esquí	ski resort		deck#2	due@2022-05-24 18:37:20
acá	here			
sin	without			
japonés	Japonese			
eximir	to exempt			
conocimiento	knowledge, awareness, knowing			
antes de	before			
el horario	schedule			
los tomates	tomatoes			
las almejas	clams			
caminar	to walk			
el taxista	taxi driver			
Madrid	España			
una falda	skirt		deck#3	due@2022-06-07 20:49:30
facturar el equipaje	to check the luggage			
español	Spanish		deck#2	due@2022-05-24 18:38:20
el boleto electrónico	e-ticket			
el asiento ocupado	occupied seat			
la alumna	female student			
séptimo	seventh			
noviembre	November		deck#2	due@2022-06-01 20:49:23
with destination of	con destino a			
fingir	to pretend			
la ciudad	city			
las judías verdes	green beans			due@2022-05-19 20:30:56
costilla	rib		deck#3	due@2022-05-25 19:41:12
Valgo	I am worth			
el número de teléfono	phone number			
batear	to bat			
bajar	to go down		deck#3	due@2022-05-26 20:32:21
Hay niebla.	It's foggy.			
el tenis	tennis		deck#2	due@2022-02-13 03:50:12
la cabeza	head		deck#2	due@2022-06-01 20:49:29
la bebida	drink			
la gemela	female twin		deck#2	due@2022-05-20 20:32:44
el hermano	brother			
yo salgo	I leave			
preparar	to prepare			
Nieva	It snows			
el suelo	floor			
irías	you would go			
el cubierto	silverware			
escoger	to choose			
la mujer	wife		deck#2	due@2022-02-13 03:47:00
el mensaje	message			
la comida	food			
costarricense	Costa Rican			due@2025-09-13 06:01:03
la alfombrilla	mousepad			due@2022-05-18 19:40:59
sentir	to be sorry		deck#2	due@2022-05-24 18:37:16
delante de	in front of			
¡Ya voy!	I'm coming!			
convencer	to convince			
guatemalteco	Guatemalan			
misma	same, very, one, proper			
indicar	to indicate			
un par de zapatos	pair of shoes			
gustar	to be pleasing to		deck#2	due@2022-05-19 19:40:54
marzo	March		deck#2	due@2022-06-01 20:51:15
el cordero	lamb			
el aeropuerto	the airport		deck#2	due@2022-06-01 20:46:41
el buzón	mailbox (inbox)			
montar la tienda de campaña	to set up the tent			
ver	to see			
un vuelo internacional	international flight		deck#3	due@2022-06-07 20:49:28
por encima de	on top of			
tomar una ducha	to take a shower			
la esposa	wife		deck#6	due@2026-09-08 05:58:42
doy	I give		deck#6	due@2026-09-08 05:58:38
jardín	garden			
la línea aérea	airline			
diciembre	December			
traer	to bring			
el dinero	money			
where?	¿dónde?			
bóveda	vault, dome, arch			
Montevideo	Uruguay			
mal educado	bad mannered		deck#2	due@2022-05-24 18:38:10
resina	resin			
miércoles	Wednesday			
gritar	to shout			
hacer clic	to click			
aburrir	to bore			
la prima	female cousin		deck#5	due@2025-12-12 05:58:27
el archivo	file			
la primera clase	first class			
los hijos	children			
el soldado	soldier		deck#2	due@2022-05-18 20:30:01
la segunda clase	second class		deck#2	due@2022-05-19 19:38:56
Me sonrío	I smile		deck#3	due@2022-06-07 20:49:41
volver	to return		deck#6	due@2026-09-08 05:58:40
las legumbres	vegetables		deck#2	due@2022-05-19 19:41:33
el auricular	phone receiver			
canadiense	Canadian			
tendríais	you all would have (vosotros)			
la casa de cambio	currency exchange office		deck#2	due@2022-05-24 18:38:35
el verano	the summer			
el miembro	member		deck#2	due@2022-05-19 19:38:35
estar de buen humor	to be in a good mood		deck#2	due@2022-05-20 20:30:50
encantar	to love			
Yo venzo	I overcome		deck#2	due@2022-05-19 19:39:13
el email	email			
privado	private			
la sala de espera	waiting room			
otro	another, other			
poder	to be able to			
Protejo	I protect			
la llegada	arrival			
la espera	wait			
la montaña	the mountain			
un vuelo nacional	domestic flight			
el cajero automático	ATM			
bronce	bronze			
tendrías	you would have			
irán	they/you all will go			
Yo elijo	I choose			
desnudos	nake, nude			
runway	la pista			due@2022-05-19 20:33:14
la taza	cup			
la fiesta	party		deck#2	due@2022-05-19 19:38:58
a corto plazo	short term		deck#2	due@2022-05-24 18:37:29
tener frío	to be cold		deck#2	due@2022-05-24 18:36:30
el agente	agent			
pulsar el botón	to push the button			
menor	younger			
el maíz	corn			
la farmacia	pharmacy			
ónice	onyx			
el cuarto de baño	bathroom			
compuertas	floodgates, gate, sluice			
el número del asiento	seat number			
los meseros	waiters			
varón	male		deck#3	due@2022-06-07 20:51:14
terreno	ground, terrain, land			
la hermanastra	stepsister		deck#2	due@2022-05-19 19:40:35
cada	each			
el garaje	garage			
overhead compartment	el compartimiento superior			
el suelto	change			
el patinaje sobre el hielo	ice skating			
molestar	to bother		deck#3	due@2022-05-26 20:32:31
to wait	esperar		deck#4	due@2022-06-30 20:50:43
el invierno	winter			
salir con retraso	to leave with a delay			
peruano	Peruvian		deck#2	due@2022-05-19 19:40:26
quitarse	to take off			
derramado	spilled, shed			
rojo	red		deck#2	due@2022-05-24 18:38:41
argentino	Argentine		deck#6	due@2026-09-08 05:59:21
el trabajador	worker			
el dólar	dollar			
las sandalias	sandles			
el cuenco	bowl			
Malabo	Guinea Ecuatorial			due@2022-05-18 19:40:50
el libro	book			
Quito	Ecuador			due@2022-05-18 19:41:19
borrar	to erase			
trabajador	hardworking			
proponer	to propose		deck#4	due@2025-10-13 06:01:33
los muebles	furniture			
esperar	to wait		deck#2	due@2022-05-19 19:40:22
israelí	Israeli		deck#2	due@2022-05-24 18:38:40
Me acuerdo	I remember			
estar completo	to be full			
domingo	Sunday			
el cuarto de dormir	the bedroom		deck#2	due@2022-05-19 19:40:31
encestar	to throw into a basket			due@2022-05-18 19:38:44
el comedor	the dining room			
chileno	Chilean			
abril	April			
to board	embarcar			
una blusa	blouse			
hierba	herb, grass		deck#2	due@2022-05-19 19:40:38
la maletera	the trunk			
en efectivo	cash			
octubre	October			
flauta	flute			
italiano	Italian			
to take off	despegar			
el brazo	arm			
izquierdo	left			
los padres	parents		deck#2	due@2022-06-01 20:49:58
what?	¿qué?			
la tía	aunt			
irían	they/you all would go			
pasar	to pass, to spend		deck#2	due@2022-05-20 20:30:51
passport	el pasaporte		deck#4	due@2022-06-30 20:50:32
dar una fiesta	throw a party		deck#6	due@2026-09-08 05:58:22
francés	French			
estar	to be			
Me pregunto	I wonder		deck#2	due@2022-05-20 20:30:59
Me despido	I say goodbye			
tendríamos	we would have			
señal	sign, signal, mark			
estar bien	to be well			
el deporte	the sport			
a pie	by foot		deck#2	due@2022-04-05 02:38:36
la chequera	checkbook			
descolgar	to pick up the phone			
la esperanza	hope			
el camarero	Spanish waiter			
distinguir	to distinguish			
el principiante	beginner			
triste	sad		deck#2	due@2022-05-19 19:41:09
Managua	Nicaragua			
Me río	I laugh			
Asunción	Paraguay			
Finjo	I pretend			due@2025-09-13 06:01:19
el telesilla	the ski lift			
vencer	to overcome			
el mochilero	backpacker		deck#2	due@2022-06-01 20:50:42
ducharse	to shower oneself			
la pregunta	question			
¿De parte de quién?	Who's calling please?			
la boca	mouth			
Sentémonos.	Let's sit down.			
hablar	to speak			
parecer	to seem			
la persona	person		deck#2	due@2022-05-19 19:40:34
el documento adjunto	attached document			
dar	to give		deck#2	due@2022-04-05 02:38:29
vestirse	to dress oneself			
Yo muestro una bufanda a ella	I show a scarf to her			
septiembre	September			
Paguemos.	Let's pay.			
la bandeja de entradas	inbox			due@2022-05-31 20:49:55
seat belt	el cinturón de seguridad			
salvadoreño	Salvadoran		deck#2	due@2022-05-19 19:40:25
lebanés	Lebanese			
bien educado	well mannered		deck#3	due@2022-05-30 18:37:25
tener	to have		deck#3	due@2022-05-30 18:37:28
jugar al fútbol	to play soccer			
el experto	expert		deck#2	due@2022-05-24 18:38:21
guardar cama	to stay in bed			
mostrar	to show			
el mercado	market			
la escuela	school			
detener	to detain		deck#2	due@2022-05-19 19:41:00
nadar	to swim			
encoger	to shrink			
allí	there			
el dedo de pie	toe			
no smoking sign	la señal de no fumar			
Hace mucho frío.	It's really cold.			
Yo huelo con mi nariz	I smell with my nose			
Demos.	Let's give.			
la crema solar	sunscreen		deck#2	due@2022-05-19 19:40:17
Estás cortando.	You are cutting out.		deck#2	due@2022-05-24 18:38:18
el piso	the floor			
ganado	livestock, cattle			due@2022-05-18 19:41:36
Truena	It thunders		deck#2	due@2022-04-05 02:38:28
la moneda	coin; currency		deck#2	due@2022-05-24 18:37:31
la propina	tip			
valer	to be worth			
el saco de dormir	sleeping bag			
viejo	old		deck#2	due@2022-05-20 20:32:08
Ciudad de México	México		deck#6	due@2026-09-08 05:59:18
sonar	to ring			
la clave de área	area code			due@2022-05-19 20:32:43
vivir	to live			
rehacer	to remake			
ayer	yesterday		deck#2	due@2022-05-19 19:38:19
crías	pups, fauna			
yo miento	I lie		deck#2	due@2022-05-19 19:41:29
el padre	father			
la frontera	border			
amarillo	yellow			
la libreta de direcciones	address book			
Hace buen tiempo.	It's good weather.			
Caracas	Venezuela			
flight attendant	la asistenta de vuelo			
cumpleaños	birthday			
el béisbol	baseball			
la pelota	ball			
al lado de	beside		deck#2	due@2022-02-13 03:47:27
Salgo	I leave			
tendremos	we will have			
la nieta	granddaughter			
Durmamos.	Let's sleep.			
la cafetería	café			
el taxi	taxi		deck#2	due@2022-05-20 20:32:02
menos	less		deck#2	due@2022-05-24 18:38:33
extinguir	to extinguish			
subir al tren	to get on the train			
iréis	you all will go			
la red	the net			due@2022-05-31 20:44:43
alegre	happy			
profundo	deep, profound			
componer	to compose			
¿Me escuchas?	Are you listening to me?			
vender	to sell			
yo pongo la mesa	I put the table (I set the table)		deck#2	due@2022-05-19 19:40:29
el edificio	the building			
to land	aterrizar			
la mesa	table			
Tegucigalpa	Honduras		deck#2	due@2022-06-01 20:50:30
ir de camping	to go camping			
la lámpara	lamp			
martes	Tuesday			
el parque	the park			
marroquí	Morrocan			due@2022-04-04 02:38:14
peor	worse		deck#3	due@2022-05-26 20:31:17
caer	fall			
el abuelo	grandfather		deck#6	due@2026-09-08 06:01:29
la silla	chair			
la hipoteca	mortgage			
el agua	water			
Juguemos.	Let's play.			
to where?	¿adónde?			
jueves	Thursday		deck#2	due@2022-05-19 19:38:46
vagando	wandering			
mantenerse en forma	to stay in shape			
encontrar	to find			
Vámonos.	Let's leave.			
brasileño	Brazilian			
a término medio	medium			
Nosotros destinguimos	We distinguish			
salir	to leave, to go out			
el mantel	table cloth			due@2022-05-18 19:38:13
el tubo de crema dental	tube of tooth paste			
un sitio Web	web site			
(Yo) me imagino que...	I imagine that		deck#2	due@2022-06-01 20:49:32
Me siento	I sit			
agarrar	to grab			
el quetzal	currency of Guatemala			
otra vez	again		deck#2	due@2022-05-19 19:38:37
las papas	potatoes			
marcar el número	to dial the number			
el puesto	market stand			
añadir	to add		deck#3	due@2025-09-20 06:01:07
catalán	Catalan			
el padrastro	stepfather		deck#2	due@2022-05-20 20:32:26
viernes	Friday			
parar	to stop			
suponer	to suppose			
llorar	to cry			
los periódicos	newspapers			
los libros de bolsillo	paper back books		deck#2	due@2022-06-01 20:49:12
la abuela	grandmother			
Yo pierdo mis llaves	I lose			
cubano	Cuban			
nicaragüense	Nicaraguan			
ofrenda	offering, gift, sacrifice			
un viaje internacional	international trip			
el tren	train			
el teléfono público	public telephone		deck#2	due@2022-06-01 20:49:25
americano	American		deck#2	due@2022-05-24 18:38:29
la bicicleta	bicycle			
Llueve	It rains			
el paciente	the patient			
who?	¿quién?			
el asiento libre	unoccupied seat			
el codo	elbow		deck#2	due@2022-05-18 20:30:12
salida	departure			
la piscina	the pool			
la cancha de tenis	tennis court			
una novela	novel			
sentarse	to sit down		deck#2	due@2022-06-01 20:49:07
No nademos.	Let's not swim.			
andar a caballo	to go horseback riding			
detrás de	behind			
regaba	watered, irrigate, spray		deck#3	due@2022-05-25 19:38:32
cansado	tired			
la rodilla	knee			
el prefijo del país	country code			
how?	¿cómo?		deck#2	due@2022-02-13 03:50:31
el baño	the bathroom			
sábado	Saturday			
el techo	roof			
ir	to go			
brotado	sprouted, sprout, spring, burst forth			
dinámico	dynamic			
el año	year			
el MP3	MP3			
los mariscos	seafood			
la servilleta	napkin			
hay	there is/there are		deck#2	due@2022-06-01 20:49:46
arpa	harp			
oír	to hear			
caber	to fall			due@2022-02-12 03:50:50
el cuarto	the room			
Hago	I do, I make		deck#2	due@2022-05-24 18:37:26
venir	to come			
el risco	cliff			
el nombre del pasajero	passenger name		deck#2	due@2022-05-20 20:33:07
me duele la cabeza	My head hurts. (I have a headache.)		deck#2	due@2022-05-19 19:38:42
el portátil	laptop			
seat	el asiento			
entrar en línea	to go online			
el ojo	eye		deck#2	due@2022-06-01 20:50:27
entrar	to enter		deck#2	due@2022-05-20 20:32:38
montes	mountains			
las carnes	meats			
Pongo	I put			
pronto	soon			
el quiosco	kiosk			
bloquear	to block			
la sala de clase	classroom			
estoy	I am			
una milla	mile			
mayor	older			
la espalda	back		deck#2	due@2022-05-24 18:37:34
más	more			
el sindicato	worker's union			
contener	to contain			
entender	to understand			
el ratón	mouse			
Hace mal tiempo.	It's bad weather.			
la tarifa	fare		deck#2	due@2022-05-19 19:40:44
derecho	right			
el tenedor	fork			
fruto	fruit			
el baúl	the trunk			
verde	green			
tendrás	you will have			
trabajar	to work			
la cucharita	teaspoon			
Comencemos / Empecemos.	Let's begin.		deck#2	due@2022-05-24 18:38:23
Cojo	I grab			
la llamada perdida	dropped call			
almorzar	to eat lunch			
el botón regresar	back key		deck#3	due@2025-09-20 05:58:52
introducir la tarjeta telefónica	to insert the telephone card			
la tarjeta de embarque	boarding pass			
el asiento	seat			
la ranura	slot			
los anteojos de sol	sun glasses		deck#2	due@2022-05-20 20:31:13
julio	July			
gracioso	funny			
chino	Chinese			
recordar	to remember			
los mejillones	mussles			
mejor	better			
ejecer	to practice (a profession)			
iremos	we will go		deck#2	due@2022-05-24 18:38:27
casi crudo	rare			due@2025-09-13 06:01:15
salir tarde	to leave late			
prójimo	neighbor, fellow			
la flor	the flower			
el pasajero	passenger			
la página de inicio	home page			
el hall	train station concourse			
#--decks immediate,daily,weekly,monthly,quarterly,yearly
#--intervals 0,1440,10080,43200,129600,518400
#--columns column#1,column#2,column#3
#--showcolumns column#1
#--showcolumns column#2,column#3
